{
  "pos_mean": [
    -0.011861657723784447,
    -0.0030980929732322693,
    0.007410855498164892,
    -0.004739885684102774,
    0.002229648642241955,
    0.00761147728189826,
    0.006763444747775793,
    -0.0005228089867159724,
    -0.007315788418054581
  ],
  "pos_std": [
    1.0563102960586548,
    1.056443452835083,
    1.054806113243103,
    0.957361102104187,
    0.9576879143714905,
    0.9626995325088501,
    0.708634078502655,
    0.7102872729301453,
    0.7117919325828552
  ],
  "vel_mean": [
    0.00043260963866487145,
    -6.452593424910447e-06,
    0.0002996167750097811,
    -0.0003489319351501763,
    -0.0005004123086109757,
    -0.0003893127723131329,
    0.00042485829908400774,
    0.00016418122686445713,
    0.00011772074503824115
  ],
  "vel_std": [
    0.3789049983024597,
    0.3795667886734009,
    0.3772737681865692,
    0.2891322672367096,
    0.28918057680130005,
    0.2911078631877899,
    0.2093667984008789,
    0.2087341547012329,
    0.21032778918743134
  ],
  "vel_emphasis": 8.0
}