{
  "pos_mean": [
    -0.012583103030920029,
    -0.003133614081889391,
    0.007027922198176384,
    -0.004718138836324215,
    0.002983876969665289,
    0.007865708321332932,
    0.007497317623347044,
    -0.0005123021546751261,
    -0.007679129485040903
  ],
  "pos_std": [
    1.0657336711883545,
    1.06643545627594,
    1.0637776851654053,
    0.9675303101539612,
    0.9678375124931335,
    0.9728797674179077,
    0.7218688726425171,
    0.7246306538581848,
    0.7257909178733826
  ],
  "vel_mean": [
    -0.00042678057798184454,
    0.0006707118009217083,
    0.0007299997378140688,
    -0.0004517989291343838,
    -0.00045427787699736655,
    -0.0003301773685961962,
    0.0008293561986647546,
    7.8497439972125e-05,
    2.357143557674135e-06
  ],
  "vel_std": [
    0.4047136902809143,
    0.4050312638282776,
    0.4025785028934479,
    0.3222045600414276,
    0.32180294394493103,
    0.3233591318130493,
    0.2522610127925873,
    0.25252190232276917,
    0.2530980110168457
  ],
  "vel_emphasis": 8.0
}