{
  "n_test": 5000,
  "num_posterior_samples": 1000,
  "posterior_contraction_ratio": {
    "r1_x": 0.9188530739745605,
    "r1_y": 0.9997745846739713,
    "r2_x": 0.9780835013557089,
    "r2_y": 0.9401571784050718,
    "v1_x": 0.9452340839836523,
    "v1_y": 1.0625609054771181,
    "v2_x": 1.033471415872347,
    "v2_y": 1.0524023145191848
  },
  "mean_contraction_ratio": 0.9913171322827017
}