{
  "pos_mean": [
    -0.0010105110704898834,
    0.0038135480135679245,
    -0.0005368103738874197,
    -0.00527288019657135,
    0.0006696141790598631,
    0.0022175901103764772
  ],
  "pos_std": [
    1.3199058771133423,
    1.32197904586792,
    1.0314773321151733,
    1.0344237089157104,
    0.7522936463356018,
    0.753414511680603
  ],
  "vel_mean": [
    0.002951952163130045,
    -0.0027914985548704863,
    -0.0004775116394739598,
    0.0008232775144279003,
    -0.0007258178084157407,
    0.0004133643815293908
  ],
  "vel_std": [
    0.5089944005012512,
    0.5115063190460205,
    0.3861790895462036,
    0.3865508437156677,
    0.275289922952652,
    0.27555879950523376
  ],
  "vel_emphasis": 8.0
}