{
  "dataset": "data/train_full_3d.npz",
  "checkpoint_dir": "checkpoints",
  "n_eval": 400,
  "n_valid": 400,
  "num_posterior_samples": 300,
  "corr_chaos_vs_width_velocity": 0.34262594391620604,
  "corr_chaos_vs_width_all_params": 0.1624188060930605,
  "overall_mean_coverage90": 0.9554166666666666,
  "width_vs_chaos_bins": {
    "centers": [
      0.06657753953610243,
      0.11363271282340341,
      0.15898754749303645,
      0.19393839352189576,
      0.27530751231245004,
      0.4530013326571991
    ],
    "means": [
      0.0995569127772367,
      0.10057308429546995,
      0.10083035515966085,
      0.10015953932587647,
      0.10223614589587793,
      0.10462402364607243
    ],
    "sems": [
      0.0005638593670001772,
      0.000521969664833202,
      0.0005529968879604398,
      0.0005272438782442077,
      0.0006484630773334483,
      0.0006446774473311026
    ],
    "counts": [
      67,
      66,
      67,
      66,
      67,
      67
    ],
    "edges": [
      -0.026564848785257063,
      0.0957286796816324,
      0.13600827845623747,
      0.18002652797581353,
      0.23263996751229218,
      0.3497457195884035,
      0.8007866532846466
    ]
  },
  "coverage_vs_chaos_bins": {
    "centers": [
      0.06657753953610243,
      0.11363271282340341,
      0.15898754749303645,
      0.19393839352189576,
      0.27530751231245004,
      0.4530013326571991
    ],
    "means": [
      0.9651741293532339,
      0.9558080808080809,
      0.9539800995024875,
      0.9621212121212123,
      0.9502487562189055,
      0.945273631840796
    ],
    "sems": [
      0.006131034361950269,
      0.007621849885980637,
      0.007521242511280498,
      0.006957475877268934,
      0.007049002805197947,
      0.008536405700890598
    ],
    "counts": [
      67,
      66,
      67,
      66,
      67,
      67
    ],
    "edges": [
      -0.026564848785257063,
      0.0957286796816324,
      0.13600827845623747,
      0.18002652797581353,
      0.23263996751229218,
      0.3497457195884035,
      0.8007866532846466
    ]
  }
}