{
  "coupling": {
    "n_eval": 600,
    "num_posterior_samples": 300,
    "recovery_correlation": {
      "r1_x": 0.9999582507969943,
      "r1_y": 0.9999650262075728,
      "r1_z": 0.9999613646591747,
      "r2_x": 0.9999747061051648,
      "r2_y": 0.9999661148336865,
      "r2_z": 0.9999685168760805,
      "v1_x": 0.994440222586121,
      "v1_y": 0.9934578897275557,
      "v1_z": 0.9942682724244062,
      "v2_x": 0.9965718412394386,
      "v2_y": 0.9964003520460972,
      "v2_z": 0.9964382876516187
    },
    "mean_recovery_correlation": 0.9976142370961593,
    "coverage90": {
      "r1_x": 0.9983333333333333,
      "r1_y": 0.9966666666666667,
      "r1_z": 1.0,
      "r2_x": 0.9983333333333333,
      "r2_y": 1.0,
      "r2_z": 0.9983333333333333,
      "v1_x": 0.9266666666666666,
      "v1_y": 0.9133333333333333,
      "v1_z": 0.9366666666666666,
      "v2_x": 0.9283333333333333,
      "v2_y": 0.9116666666666666,
      "v2_z": 0.9233333333333333
    },
    "mean_coverage90": 0.9609722222222222,
    "contraction": {
      "r1_x": 0.022049603671202535,
      "r1_y": 0.019613579876415207,
      "r1_z": 0.020002447971079886,
      "r2_x": 0.016380912468427388,
      "r2_y": 0.02046490313307151,
      "r2_z": 0.019465648078418895,
      "v1_x": 0.11391321992150182,
      "v1_y": 0.11379003655381745,
      "v1_z": 0.11499617911520946,
      "v2_x": 0.08769624598423408,
      "v2_y": 0.08815743800962812,
      "v2_z": 0.08930566509963508
    },
    "mean_contraction": 0.06048632332355346,
    "sample_seconds": 3.964415458001895,
    "seconds_per_1k_draws": 0.02202453032223275
  },
  "flowmatching": {
    "n_eval": 600,
    "num_posterior_samples": 300,
    "recovery_correlation": {
      "r1_x": 0.9999031638517774,
      "r1_y": 0.9999016990589161,
      "r1_z": 0.9999066374754142,
      "r2_x": 0.9999231895850529,
      "r2_y": 0.999903175472544,
      "r2_z": 0.9999121076579517,
      "v1_x": 0.9942290419875436,
      "v1_y": 0.993558101648489,
      "v1_z": 0.9942497033274635,
      "v2_x": 0.9960218177650887,
      "v2_y": 0.995685902196457,
      "v2_z": 0.995958290535463
    },
    "mean_recovery_correlation": 0.9974294025468465,
    "coverage90": {
      "r1_x": 0.97,
      "r1_y": 0.97,
      "r1_z": 0.9466666666666667,
      "r2_x": 0.9616666666666667,
      "r2_y": 0.94,
      "r2_z": 0.9716666666666667,
      "v1_x": 0.89,
      "v1_y": 0.8766666666666667,
      "v1_z": 0.8866666666666667,
      "v2_x": 0.9066666666666666,
      "v2_y": 0.8833333333333333,
      "v2_z": 0.9066666666666666
    },
    "mean_coverage90": 0.9258333333333333,
    "contraction": {
      "r1_x": 0.017999797813515035,
      "r1_y": 0.017842792965556624,
      "r1_z": 0.017625797867943684,
      "r2_x": 0.017202153304972097,
      "r2_y": 0.017419909595968543,
      "r2_z": 0.01740895123746473,
      "v1_x": 0.10356428829076178,
      "v1_y": 0.10445385433974004,
      "v1_z": 0.10384222261622904,
      "v2_x": 0.08749010989106477,
      "v2_y": 0.08795922554458627,
      "v2_z": 0.08878523695034479
    },
    "mean_contraction": 0.056799528368178955,
    "sample_seconds": 410.67003429098986,
    "seconds_per_1k_draws": 2.2815001905054992
  }
}