{
  "n_test": 5000,
  "num_posterior_samples": 1000,
  "posterior_contraction_ratio": {
    "r1_x": 0.9644252939481169,
    "r1_y": 1.0621529116194712,
    "r1_z": 0.8592025507052593,
    "r2_x": 1.0117801784779976,
    "r2_y": 0.9808017996329146,
    "r2_z": 1.029008111258046,
    "v1_x": 0.9997430537590056,
    "v1_y": 0.8974828037148905,
    "v1_z": 0.9591795134811786,
    "v2_x": 1.0042212432694786,
    "v2_y": 0.9684589628089426,
    "v2_z": 0.8851999757095986
  },
  "mean_contraction_ratio": 0.968471366532075
}