{
  "conditions": [
    {
      "label": "\u03c3=0.01",
      "sigma": 0.01,
      "mean_recovery": 0.9975811332995365,
      "mean_coverage90": 0.9545833333333335,
      "velocity_width": 0.10117500710475748,
      "position_width": 0.019610877532483813
    },
    {
      "label": "\u03c3=0.05",
      "sigma": 0.05,
      "mean_recovery": 0.9820199589025314,
      "mean_coverage90": 0.8918750000000001,
      "velocity_width": 0.20824681575770465,
      "position_width": 0.03895826944522209
    },
    {
      "label": "\u03c3=0.15",
      "sigma": 0.15,
      "mean_recovery": 0.9188700009506855,
      "mean_coverage90": 0.7806249999999998,
      "velocity_width": 0.35232751980341775,
      "position_width": 0.08181212440167507
    }
  ],
  "marginal_param": "v1_x",
  "marginal_system": 0,
  "marginal": {
    "\u03c3=0.01": {
      "mean": -0.08461266579572112,
      "std": 0.009295200361512502
    },
    "\u03c3=0.05": {
      "mean": -0.05900406498520169,
      "std": 0.021404729662742292
    },
    "\u03c3=0.15": {
      "mean": -0.11236734778620303,
      "std": 0.02954613555053401
    }
  }
}