{
  "pos_mean": [
    -0.01165415346622467,
    -0.0031169101130217314,
    0.00719106663018465,
    -0.004723383579403162,
    0.0023878535721451044,
    0.007665051147341728,
    0.007017584051936865,
    -0.0005375193431973457,
    -0.007490850985050201
  ],
  "pos_std": [
    1.0550957918167114,
    1.0554296970367432,
    1.053810715675354,
    0.9560503959655762,
    0.956258237361908,
    0.9613897800445557,
    0.7068783640861511,
    0.7088034749031067,
    0.7102223038673401
  ],
  "vel_mean": [
    7.419430039590225e-05,
    6.373637734213844e-05,
    0.0002907936868723482,
    -0.00040851079393178225,
    -0.00029482916579581797,
    -0.0004253690131008625,
    0.00020561642304528505,
    0.000130969361634925,
    0.0001966559502761811
  ],
  "vel_std": [
    0.37552931904792786,
    0.3763635754585266,
    0.3740057051181793,
    0.28501614928245544,
    0.28504201769828796,
    0.2868041396141052,
    0.20341281592845917,
    0.2029496729373932,
    0.20469802618026733
  ],
  "vel_emphasis": 8.0
}